<?xml version="1.0" encoding="UTF-8"?>
<project-private xmlns="http://www.netbeans.org/ns/project-private/1">
    <editor-bookmarks xmlns="http://www.netbeans.org/ns/editor-bookmarks/2" lastBookmarkId="0"/>
    <open-files xmlns="http://www.netbeans.org/ns/projectui-open-files/2">
        <group>
            <file>file:/C:/Users/rachels601/Documents/NetBeansProjects/MiSegundoPrograma/src/misegundoprograma/Compras.java</file>
            <file>file:/C:/Users/rachels601/Documents/NetBeansProjects/MiSegundoPrograma/src/misegundoprograma/MiSegundoPrograma.java</file>
            <file>file:/C:/Users/rachels601/Documents/NetBeansProjects/MiSegundoPrograma/src/misegundoprograma/Proveedor.java</file>
            <file>file:/C:/Users/rachels601/Documents/NetBeansProjects/MiSegundoPrograma/src/misegundoprograma/Ventas.java</file>
            <file>file:/C:/Users/rachels601/Documents/NetBeansProjects/MiSegundoPrograma/src/misegundoprograma/Bienvenida.java</file>
            <file>file:/C:/Users/rachels601/Documents/NetBeansProjects/MiSegundoPrograma/src/misegundoprograma/Impuestos.java</file>
            <file>file:/C:/Users/rachels601/Documents/NetBeansProjects/MiSegundoPrograma/src/misegundoprograma/entrada.java</file>
            <file>file:/C:/Users/rachels601/Documents/NetBeansProjects/MiSegundoPrograma/src/misegundoprograma/Inventarios.java</file>
        </group>
    </open-files>
</project-private>
